N;threads;Tempo;Total;speedup
1000000000;1;21.559240;50847534;1.00
1000000000;2;18.702473;50847534;1.15
